{"IcoMoonType":"selection","icons":[{"icon":{"paths":["M1024 590.444l-512-397.426-512 397.428v-162.038l512-397.426 512 397.428zM896 576v384h-256v-256h-256v256h-256v-384l384-288z"],"tags":["home","house"],"defaultCode":59648,"grid":16,"attrs":[]},"attrs":[],"properties":{"ligatures":"home, house","name":"home","order":2,"id":1,"prevSize":32,"code":59648},"setIdx":0,"setId":1,"iconIdx":0},{"icon":{"paths":["M928 128h-832c-52.8 0-96 43.2-96 96v576c0 52.8 43.2 96 96 96h832c52.8 0 96-43.2 96-96v-576c0-52.8-43.2-96-96-96zM96 192h832c17.346 0 32 14.654 32 32v96h-896v-96c0-17.346 14.654-32 32-32zM928 832h-832c-17.346 0-32-14.654-32-32v-288h896v288c0 17.346-14.654 32-32 32zM128 640h64v128h-64zM256 640h64v128h-64zM384 640h64v128h-64z"],"tags":["credit-card","money","payment","ecommerce"],"defaultCode":59711,"grid":16,"attrs":[]},"attrs":[],"properties":{"ligatures":"credit-card, money5","name":"credit-card","order":3,"id":64,"prevSize":32,"code":59711},"setIdx":0,"setId":1,"iconIdx":63},{"icon":{"paths":["M320 384h128v128h-128zM512 384h128v128h-128zM704 384h128v128h-128zM128 768h128v128h-128zM320 768h128v128h-128zM512 768h128v128h-128zM320 576h128v128h-128zM512 576h128v128h-128zM704 576h128v128h-128zM128 576h128v128h-128zM832 0v64h-128v-64h-448v64h-128v-64h-128v1024h960v-1024h-128zM896 960h-832v-704h832v704z"],"tags":["calendar","date","schedule","time","day"],"defaultCode":59731,"grid":16,"attrs":[]},"attrs":[],"properties":{"ligatures":"calendar, date","name":"calendar","order":4,"id":84,"prevSize":32,"code":59731},"setIdx":0,"setId":1,"iconIdx":83},{"icon":{"paths":["M896 0h-896v1024h1024v-896l-128-128zM512 128h128v256h-128v-256zM896 896h-768v-768h64v320h576v-320h74.978l53.022 53.018v714.982z"],"tags":["floppy-disk","save"],"defaultCode":59746,"grid":16,"attrs":[]},"attrs":[],"properties":{"ligatures":"floppy-disk, save2","name":"floppy-disk","order":6,"id":99,"prevSize":32,"code":59746},"setIdx":0,"setId":1,"iconIdx":98},{"icon":{"paths":["M576 706.612v-52.78c70.498-39.728 128-138.772 128-237.832 0-159.058 0-288-192-288s-192 128.942-192 288c0 99.060 57.502 198.104 128 237.832v52.78c-217.102 17.748-384 124.42-384 253.388h896c0-128.968-166.898-235.64-384-253.388z"],"tags":["user","profile","avatar","person","member"],"defaultCode":59761,"grid":16,"attrs":[]},"attrs":[],"properties":{"ligatures":"user, profile2","name":"user","order":5,"id":114,"prevSize":32,"code":59761},"setIdx":0,"setId":1,"iconIdx":113},{"icon":{"paths":["M192 1024h640l64-704h-768zM640 128v-128h-256v128h-320v192l64-64h768l64 64v-192h-320zM576 128h-128v-64h128v64z"],"tags":["bin","trashcan","remove","delete","recycle","dispose"],"defaultCode":59821,"grid":16,"attrs":[]},"attrs":[],"properties":{"ligatures":"bin2, trashcan2","name":"bin2","order":7,"id":174,"prevSize":32,"code":59821},"setIdx":0,"setId":1,"iconIdx":173}],"height":1024,"metadata":{"name":"icomoon"},"preferences":{"showGlyphs":true,"showQuickUse":true,"showQuickUse2":true,"showSVGs":true,"fontPref":{"prefix":"icon-","metadata":{"fontFamily":"icomoon","majorVersion":1,"minorVersion":0},"metrics":{"emSize":1024,"baseline":6.25,"whitespace":50},"embed":false,"autoHost":true},"imagePref":{"prefix":"icon-","png":true,"useClassSelector":true,"color":0,"bgColor":16777215,"classSelector":".icon"},"historySize":50,"showCodes":true,"gridSize":16,"quickUsageToken":{"UntitledProject":"MzRhMWYxYTYyNGIwMjFhMDYzMDQwOTBjZTdhNzk1ZjYjMSMxNjM5MzQ2MjY2IyMjNzA5NTRhYWEwODU2"}}}